{"source_state": {"Constitution_of_India": 1775326379.4988892, "BNS_2023": 1775328112.0963905, "BNSS_2023": 1775328127.2862425, "BSA_2023": 1775328180.9656315, "Contract_Act_1872": 1775328204.5438282}, "total_chunks": 1982}